"25-2022",0,"Amy",1,"What do you do as a teacher","1 What do you do as a teacher.m4v"
"25-2022",0,"Amy",10,"What do you want to be remembered for in your line of work","10 What do you want to be remembered for in your line of work.mp4"
"25-2022",0,"Amy",2,"What skills have led you to this job that you are so passionate about","2 What skills have led you to this job that you are so passionate about.mp4"
"25-2022",0,"Amy",3,"What makes you excited to come to work","3 What makes you excited to come to work.mp4"
"25-2022",0,"Amy",4,"Please explain a time when you've experienced passion for your job","4 Please explain a time when you've experienced passion for your job.mp4"
"25-2022",0,"Amy",5,"What are one or two things that you have done that make you most proud of your work","5 What are one or two things that you have done that make you most proud of your work.mp4"
"25-2022",0,"Amy",6,"What are the things you love the most about your career","6 What are the things you love the most about your career.mp4"
"25-2022",0,"Amy",7,"Tell me about a specific instance when you were fully absorbed in your work","7 Tell me about a specific instance when you were fully absorbed in your work.mp4"
"25-2022",0,"Amy",8,"Are there any other ways that your work is meaningful to you","8 Are there any other ways that your work is meaningful to you.mp4"
"25-2022",0,"Amy",9,"What are some of your favorite things about being a teacher","9 What are some of your favorite things about being a teacher.mp4"
"25-2052",0,"Melody",1,"How do you identify with the definition of passion ","1 How do you identify with the definition of passion .m4v"
"25-2052",0,"Melody",2,"What do you find to be the most important part of your job","2 What do you find to be the most important part of your job.m4v"
"25-2052",0,"Melody",3,"What do you do as a special education teacher","3 What do you do as a special education teacher.m4v"
"25-2052",0,"Melody",4,"What do you find most rewarding about your job ","4 What do you find most rewarding about your job .m4v"
"25-2052",0,"Melody",5,"When do you feel passion in your work ","5 When do you feel passion in your work .m4v"
"25-2052",0,"Melody",6,"When do you feel absorbed in your work ","6 When do you feel absorbed in your work .m4v"
"25-2052",0,"Melody",7,"How is your job meaningful","7 How is your job meaningful.m4v"
"25-2052",0,"Melody",8,"When did you know you wanted to become a special education teacher","8 When did you know you wanted to become a special education teacher.m4v"
"11-2011",0,"Miguel",1,"What are your favorite things about being a Veterinarian","1 What are your favorite things about being a Veterinarian.mp4"
"11-2011",0,"Miguel",2,"What experiences helped you decide to become a Veterinarian","2 What experiences helped you decide to become a Veterinarian.mp4"
"11-2011",0,"Miguel",3,"What is a typical day like as a Veterinarian","3 What is a typical day like as a Veterinarian.mp4"
"11-2011",0,"Miguel",4,"What creates your love for your work","4 What creates your love for your work.mp4"
"11-2011",0,"Miguel",5,"What is unique about your career","5 What is unique about your career.mp4"
"11-2011",0,"Miguel",6,"What is the most rewarding aspect of your work","6 What is the most rewarding aspect of your work.mp4"
"11-2011",0,"Miguel",7,"How is your work meaningful to you","7 How is your work meaningful to you.mp4"
"11-2011",0,"Miguel",8,"Describe what it is like to know that you have found the right career","8 Describe what it is like to know that you have found the right career.mp4"
"11-1031",0,"Sara",1,"What makes you feel passion in your workplace?","#1 Sara Pop.mp4"
"11-1031",0,"Sara",2,"Tell me about a specific instance where you were thoroughly absorbed in your work.","#2 Sara Pop.mp4"
"11-1031",0,"Sara",3,"What led you to this career that you are so passionate about?","#3 Sara Pop.mp4"
"11-1031",0,"Sara",4,"When are you most in love with your career?","#4 Sara Pop.mp4"
"11-1031",0,"Sara",5,"Why do you love your career?","#5 Sara Pop.mp4"
"11-1031",0,"Sara",6,"What have been some of your favorite moments in this career?","#6 Sara Pop.mp4"
"11-1031",0,"Sara",7,"What are some of your favorite things about this job?","#7 Sara Pop.mp4"
"11-1031",0,"Sara",8,"In what way is your work meaningful to you?","#8 Sara Pop.mov"
"25-1011",0,"Todd",1,"Why did you become an entrepreneur","1 Why did you become an entrepreneur.m4v"
"25-1011",0,"Todd",2,"How did your work passion contribute to the development of your business","2 How did your work passion contribute to the development of your business.m4v"
"25-1011",0,"Todd",3,"What inspired you to start your current business","3 What inspired you to start your current business.m4v"
"25-1011",0,"Todd",4,"How did you work passion contribute to the devlopment of your business","4 How did you work passion contribute to the devlopment of your business.m4v"
"25-1011",0,"Todd",5,"When was a time when you experienced passion for your work","5 When was a time when you experienced passion for your work.m4v"
